{
  "name": "angular-animate",
  "version": "1.6.6",
  "license": "MIT",
  "main": "./angular-animate.js",
  "ignore": [],
  "dependencies": {
    "angular": "1.6.6"
  },
  "homepage": "https://github.com/angular/bower-angular-animate",
  "_release": "1.6.6",
  "_resolution": {
    "type": "version",
    "tag": "v1.6.6",
    "commit": "c776891d55ab19592833bb51b31c08b054edda25"
  },
  "_source": "https://github.com/angular/bower-angular-animate.git",
  "_target": "^1.5.7",
  "_originalSource": "angular-animate"
}