<?xml version="1.0" encoding="utf-8" ?><dwsync><file name="aboutus.html" server="200.29.152.130//public_html/" local="3414881199" remote="12006454112" /><file name="changelog.txt" server="200.29.152.130//public_html/" local="3414881199" remote="12006454112" /><file name="class.phpmailer.php" server="200.29.152.130//public_html/" local="3414881199" remote="12006454112" /><file name="class.pop3.php" server="200.29.152.130//public_html/" local="3414881199" remote="12006454112" /><file name="class.smtp.php" server="200.29.152.130//public_html/" local="3414881200" remote="12006454112" /><file name="docs.ini" server="200.29.152.130//public_html/" local="3414881200" remote="12006454112" /><file name="LICENSE" server="200.29.152.130//public_html/" local="3414881199" remote="12006454112" /><file name="README" server="200.29.152.130//public_html/" local="3414881199" remote="12006454112" /><file name="aboutus.html" server="ftp.bacigalupo.cl/public_html/" local="3414881199" remote="12007664732" /><file name="changelog.txt" server="ftp.bacigalupo.cl/public_html/" local="3414881199" remote="12007664732" /><file name="class.phpmailer.php" server="ftp.bacigalupo.cl/public_html/" local="3414881199" remote="12007664732" /><file name="class.pop3.php" server="ftp.bacigalupo.cl/public_html/" local="3414881199" remote="12007664732" /><file name="class.smtp.php" server="ftp.bacigalupo.cl/public_html/" local="3414881200" remote="12007664732" /><file name="docs.ini" server="ftp.bacigalupo.cl/public_html/" local="3414881200" remote="12007664732" /><file name="LICENSE" server="ftp.bacigalupo.cl/public_html/" local="3414881199" remote="12007664732" /><file name="README" server="ftp.bacigalupo.cl/public_html/" local="3414881199" remote="12007664732" /><file name="aboutus.html" server="ftp.dyneng.cl/public_html/" local="3414881199" remote="12007971872" /><file name="changelog.txt" server="ftp.dyneng.cl/public_html/" local="3414881199" remote="12007971872" /><file name="class.phpmailer.php" server="ftp.dyneng.cl/public_html/" local="3414881199" remote="12007971872" /><file name="class.pop3.php" server="ftp.dyneng.cl/public_html/" local="3414881199" remote="12007971872" /><file name="class.smtp.php" server="ftp.dyneng.cl/public_html/" local="3414881200" remote="12007971872" /><file name="docs.ini" server="ftp.dyneng.cl/public_html/" local="3414881200" remote="12007971872" /><file name="LICENSE" server="ftp.dyneng.cl/public_html/" local="3414881199" remote="12007971872" /><file name="README" server="ftp.dyneng.cl/public_html/" local="3414881199" remote="12007971872" /><file name="aboutus.html" server="ftp.inmobiliariakau.cl/public_html/" local="3414881199" remote="55036396392" /><file name="changelog.txt" server="ftp.inmobiliariakau.cl/public_html/" local="3414881199" remote="59331363688" /><file name="class.phpmailer.php" server="ftp.inmobiliariakau.cl/public_html/" local="3414881199" remote="85101167464" /><file name="class.pop3.php" server="ftp.inmobiliariakau.cl/public_html/" local="3414881199" remote="63626330984" /><file name="class.smtp.php" server="ftp.inmobiliariakau.cl/public_html/" local="3414881200" remote="63626330984" /><file name="docs.ini" server="ftp.inmobiliariakau.cl/public_html/" local="3414881200" remote="37856527208" /><file name="LICENSE" server="ftp.inmobiliariakau.cl/public_html/" local="3414881199" remote="33561559912" /><file name="README" server="ftp.inmobiliariakau.cl/public_html/" local="3414881199" remote="29266592616" /></dwsync>