{
  "name": "bxslider-4",
  "homepage": "http://bxslider.com",
  "license": "MIT",
  "main": [
    "dist/jquery.bxslider.js",
    "dist/jquery.bxslider.css",
    "dist/images/bx_loader.gif",
    "dist/images/controls.png"
  ],
  "ignore": [
    "docs_src/*",
    "docs/*"
  ],
  "keywords": [
    "bxslider",
    "javascript",
    "jquery",
    "library"
  ],
  "dependencies": {
    "jquery": ">= 1.8.3"
  },
  "devDependencies": {
    "bootstrap": ">= 3.3.2",
    "highlightjs": "~8.4.0"
  },
  "version": "4.2.12",
  "_release": "4.2.12",
  "_resolution": {
    "type": "version",
    "tag": "v4.2.12",
    "commit": "090b9e26731607c50a331eda73979dcd365c6e32"
  },
  "_source": "https://github.com/wandoledzep/bxslider-4.git",
  "_target": "^4.2.5",
  "_originalSource": "bxslider-4"
}