{
  "name": "angular-sanitize",
  "version": "1.6.6",
  "license": "MIT",
  "main": "./angular-sanitize.js",
  "ignore": [],
  "dependencies": {
    "angular": "1.6.6"
  },
  "homepage": "https://github.com/angular/bower-angular-sanitize",
  "_release": "1.6.6",
  "_resolution": {
    "type": "version",
    "tag": "v1.6.6",
    "commit": "27b6da5578b99482330c6c38c5039a517e777c47"
  },
  "_source": "https://github.com/angular/bower-angular-sanitize.git",
  "_target": "^1.5.7",
  "_originalSource": "angular-sanitize"
}